{
    "_version": 0.2,
    "generator": "dipole",
    "global": {
        "dim": [
            52,
            52
        ],
        "dipole_contrast": [
            0.25,
            0.4
        ],
        "dipole_mask_size": [
            2.0,
            4.0
        ],
        "dipole_min_d": 0.05,
        "dipole_n": 1,
        "dipole_offset": [
            0.0,
            0.0
        ],
        "dipole_rot": [
            0.0,
            6.283185307179586
        ],
        "dipole_rot_dev": 0.3141592653589793,
        "enable_gradient": true,
        "gradient_limit": [
            0.25,
            0.75
        ],
        "gradient_range": [
            0.2,
            0.4
        ]
    },
    "params": [
        {
            "dipoles": [
                {
                    "contrast": 0.29776962245692584,
                    "mask_size": 2.4007740715437316,
                    "offset": [
                        0.0,
                        0.0
                    ],
                    "rot": 2.2533705744939176
                }
            ],
            "gradient": [
                0.34505100276354234,
                0.6308837293910379
            ],
            "image_file": "semgen-0000.tif",
            "n": 1,
            "rot": 1.9534808584029233,
            "rot_dev": 0.3141592653589793
        },
        {
            "dipoles": [
                {
                    "contrast": 0.3857327624113661,
                    "mask_size": 2.8809100383127975,
                    "offset": [
                        0.0,
                        0.0
                    ],
                    "rot": 2.6981040474228286
                }
            ],
            "gradient": [
                0.3512723199761751,
                0.5605253452015646
            ],
            "image_file": "semgen-0001.tif",
            "n": 1,
            "rot": 2.894992822809754,
            "rot_dev": 0.3141592653589793
        },
        {
            "dipoles": [
                {
                    "contrast": 0.3163725059741514,
                    "mask_size": 2.1946774840079186,
                    "offset": [
                        0.0,
                        0.0
                    ],
                    "rot": 4.541759054738802
                }
            ],
            "gradient": [
                0.36629206008415255,
                0.7002626438693056
            ],
            "image_file": "semgen-0002.tif",
            "n": 1,
            "rot": 4.365363665365231,
            "rot_dev": 0.3141592653589793
        },
        {
            "dipoles": [
                {
                    "contrast": 0.38394900879049154,
                    "mask_size": 3.6120451892235197,
                    "offset": [
                        0.0,
                        0.0
                    ],
                    "rot": 5.84743330134892
                }
            ],
            "gradient": [
                0.27626691658753694,
                0.6008951659524047
            ],
            "image_file": "semgen-0003.tif",
            "n": 1,
            "rot": 5.927589388991775,
            "rot_dev": 0.3141592653589793
        },
        {
            "dipoles": [
                {
                    "contrast": 0.3514458950948294,
                    "mask_size": 2.7898110179018554,
                    "offset": [
                        0.0,
                        0.0
                    ],
                    "rot": 3.6027435060388497
                }
            ],
            "gradient": [
                0.42310214650685024,
                0.654172203842408
            ],
            "image_file": "semgen-0004.tif",
            "n": 1,
            "rot": 3.457194222065294,
            "rot_dev": 0.3141592653589793
        },
        {
            "dipoles": [
                {
                    "contrast": 0.3384594334999161,
                    "mask_size": 3.8767930577469074,
                    "offset": [
                        0.0,
                        0.0
                    ],
                    "rot": 5.103841266932083
                }
            ],
            "gradient": [
                0.26980978506018305,
                0.6165039127993771
            ],
            "image_file": "semgen-0005.tif",
            "n": 1,
            "rot": 5.3326795529002835,
            "rot_dev": 0.3141592653589793
        },
        {
            "dipoles": [
                {
                    "contrast": 0.2589322535680927,
                    "mask_size": 2.8503699730197543,
                    "offset": [
                        0.0,
                        0.0
                    ],
                    "rot": 1.8305499330820938
                }
            ],
            "gradient": [
                0.33234359987044815,
                0.6812848806816163
            ],
            "image_file": "semgen-0006.tif",
            "n": 1,
            "rot": 1.9619173069448703,
            "rot_dev": 0.3141592653589793
        },
        {
            "dipoles": [
                {
                    "contrast": 0.3674612799477659,
                    "mask_size": 3.1419546145472634,
                    "offset": [
                        0.0,
                        0.0
                    ],
                    "rot": 2.894436349796547
                }
            ],
            "gradient": [
                0.3519559196776543,
                0.6341109260028552
            ],
            "image_file": "semgen-0007.tif",
            "n": 1,
            "rot": 2.647016157737871,
            "rot_dev": 0.3141592653589793
        },
        {
            "dipoles": [
                {
                    "contrast": 0.25627472237326704,
                    "mask_size": 2.9493442720685925,
                    "offset": [
                        0.0,
                        0.0
                    ],
                    "rot": 1.630248409053088
                }
            ],
            "gradient": [
                0.30009342522094345,
                0.5568255679020278
            ],
            "image_file": "semgen-0008.tif",
            "n": 1,
            "rot": 1.3905811829021353,
            "rot_dev": 0.3141592653589793
        },
        {
            "dipoles": [
                {
                    "contrast": 0.3714581430748385,
                    "mask_size": 3.5703707823885145,
                    "offset": [
                        0.0,
                        0.0
                    ],
                    "rot": 2.22451729786126
                }
            ],
            "gradient": [
                0.29376792674959146,
                0.6575520729612485
            ],
            "image_file": "semgen-0009.tif",
            "n": 1,
            "rot": 2.4178175128761827,
            "rot_dev": 0.3141592653589793
        }
    ]
}