{
    "_version": 0.2,
    "generator": "dipole",
    "global": {
        "dim": [
            52,
            52
        ],
        "dipole_contrast": [
            0.1,
            0.25
        ],
        "dipole_mask_size": [
            2.0,
            4.0
        ],
        "dipole_min_d": 0.05,
        "dipole_n": 1,
        "dipole_offset": [
            0.0,
            0.0
        ],
        "dipole_rot": [
            0.0,
            6.283185307179586
        ],
        "dipole_rot_dev": 0.3141592653589793,
        "enable_gradient": true,
        "gradient_limit": [
            0.25,
            0.75
        ],
        "gradient_range": [
            0.2,
            0.4
        ]
    },
    "params": [
        {
            "dipoles": [
                {
                    "contrast": 0.2222554001368914,
                    "mask_size": 3.7821629252389957,
                    "offset": [
                        0.0,
                        0.0
                    ],
                    "rot": 0.9256701777532079
                }
            ],
            "gradient": [
                0.3209631878681684,
                0.6594434063812143
            ],
            "image_file": "semgen-0000.tif",
            "n": 1,
            "rot": 0.7615188946874353,
            "rot_dev": 0.3141592653589793
        },
        {
            "dipoles": [
                {
                    "contrast": 0.18502065466161766,
                    "mask_size": 3.6645288997290337,
                    "offset": [
                        0.0,
                        0.0
                    ],
                    "rot": 2.3448442440454276
                }
            ],
            "gradient": [
                0.27590384662421363,
                0.6020603752299938
            ],
            "image_file": "semgen-0001.tif",
            "n": 1,
            "rot": 2.3679101490312484,
            "rot_dev": 0.3141592653589793
        },
        {
            "dipoles": [
                {
                    "contrast": 0.1971097530922653,
                    "mask_size": 3.1571131922021536,
                    "offset": [
                        0.0,
                        0.0
                    ],
                    "rot": 4.808834175816783
                }
            ],
            "gradient": [
                0.4227479861296351,
                0.7017681524800734
            ],
            "image_file": "semgen-0002.tif",
            "n": 1,
            "rot": 4.7608224055332515,
            "rot_dev": 0.3141592653589793
        },
        {
            "dipoles": [
                {
                    "contrast": 0.1669580541170147,
                    "mask_size": 2.9910783752732026,
                    "offset": [
                        0.0,
                        0.0
                    ],
                    "rot": 1.2735290596293176
                }
            ],
            "gradient": [
                0.4165266991898775,
                0.7281124571121526
            ],
            "image_file": "semgen-0003.tif",
            "n": 1,
            "rot": 0.9948189046344327,
            "rot_dev": 0.3141592653589793
        },
        {
            "dipoles": [
                {
                    "contrast": 0.23534733985575226,
                    "mask_size": 2.0335699993725678,
                    "offset": [
                        0.0,
                        0.0
                    ],
                    "rot": 5.697761031730062
                }
            ],
            "gradient": [
                0.3908222793989359,
                0.6765341588171244
            ],
            "image_file": "semgen-0004.tif",
            "n": 1,
            "rot": 5.6937952478583655,
            "rot_dev": 0.3141592653589793
        },
        {
            "dipoles": [
                {
                    "contrast": 0.18039628072482772,
                    "mask_size": 2.306982662800687,
                    "offset": [
                        0.0,
                        0.0
                    ],
                    "rot": 4.84378686368426
                }
            ],
            "gradient": [
                0.40544913719312414,
                0.6198368091709432
            ],
            "image_file": "semgen-0005.tif",
            "n": 1,
            "rot": 4.66866867843882,
            "rot_dev": 0.3141592653589793
        },
        {
            "dipoles": [
                {
                    "contrast": 0.2254608653288494,
                    "mask_size": 2.8887275980057994,
                    "offset": [
                        0.0,
                        0.0
                    ],
                    "rot": 5.494278585818307
                }
            ],
            "gradient": [
                0.3396960134609372,
                0.6711192706324944
            ],
            "image_file": "semgen-0006.tif",
            "n": 1,
            "rot": 5.5347572444627,
            "rot_dev": 0.3141592653589793
        },
        {
            "dipoles": [
                {
                    "contrast": 0.20495746512305982,
                    "mask_size": 3.311493573010763,
                    "offset": [
                        0.0,
                        0.0
                    ],
                    "rot": 4.684449897676933
                }
            ],
            "gradient": [
                0.42565466923884226,
                0.7475610991951442
            ],
            "image_file": "semgen-0007.tif",
            "n": 1,
            "rot": 4.853302699001835,
            "rot_dev": 0.3141592653589793
        },
        {
            "dipoles": [
                {
                    "contrast": 0.13313698853550493,
                    "mask_size": 2.270994814571531,
                    "offset": [
                        0.0,
                        0.0
                    ],
                    "rot": 0.8681465687991364
                }
            ],
            "gradient": [
                0.35263719970527885,
                0.7175578282660359
            ],
            "image_file": "semgen-0008.tif",
            "n": 1,
            "rot": 1.1457687874313,
            "rot_dev": 0.3141592653589793
        },
        {
            "dipoles": [
                {
                    "contrast": 0.14509758896890726,
                    "mask_size": 3.4260072528743697,
                    "offset": [
                        0.0,
                        0.0
                    ],
                    "rot": 3.885438516475327
                }
            ],
            "gradient": [
                0.4707804584487561,
                0.681974203972387
            ],
            "image_file": "semgen-0009.tif",
            "n": 1,
            "rot": 3.8016690760831535,
            "rot_dev": 0.3141592653589793
        }
    ]
}