{
    "_version": 0.2,
    "generator": "dipole",
    "global": {
        "dim": [
            52,
            52
        ],
        "dipole_contrast": [
            0.4,
            0.7
        ],
        "dipole_mask_size": [
            2.0,
            4.0
        ],
        "dipole_min_d": 0.05,
        "dipole_n": 1,
        "dipole_offset": [
            0.0,
            0.0
        ],
        "dipole_rot": [
            0.0,
            6.283185307179586
        ],
        "dipole_rot_dev": 0.3141592653589793,
        "enable_gradient": true,
        "gradient_limit": [
            0.15,
            0.85
        ],
        "gradient_range": [
            0.6,
            0.65
        ]
    },
    "params": [
        {
            "dipoles": [
                {
                    "contrast": 0.5085859091577498,
                    "mask_size": 3.8970159426957154,
                    "offset": [
                        0.0,
                        0.0
                    ],
                    "rot": 5.43061273777729
                }
            ],
            "gradient": [
                0.1766660761803531,
                0.7977114258938196
            ],
            "image_file": "semgen-0000.tif",
            "n": 1,
            "rot": 5.258906287254588,
            "rot_dev": 0.3141592653589793
        },
        {
            "dipoles": [
                {
                    "contrast": 0.5570485750136029,
                    "mask_size": 2.8748122481751635,
                    "offset": [
                        0.0,
                        0.0
                    ],
                    "rot": 5.195289487823869
                }
            ],
            "gradient": [
                0.19045280524712632,
                0.8009652286391844
            ],
            "image_file": "semgen-0001.tif",
            "n": 1,
            "rot": 4.919698754311192,
            "rot_dev": 0.3141592653589793
        },
        {
            "dipoles": [
                {
                    "contrast": 0.5411569735566556,
                    "mask_size": 3.5203044832329793,
                    "offset": [
                        0.0,
                        0.0
                    ],
                    "rot": 1.3063785521431723
                }
            ],
            "gradient": [
                0.1690174728235243,
                0.8089468004363669
            ],
            "image_file": "semgen-0002.tif",
            "n": 1,
            "rot": 1.1936507067820257,
            "rot_dev": 0.3141592653589793
        },
        {
            "dipoles": [
                {
                    "contrast": 0.5952645528017297,
                    "mask_size": 2.5387364425268766,
                    "offset": [
                        0.0,
                        0.0
                    ],
                    "rot": 4.176006553533162
                }
            ],
            "gradient": [
                0.15320455953771317,
                0.7983616158604779
            ],
            "image_file": "semgen-0003.tif",
            "n": 1,
            "rot": 4.314784997033144,
            "rot_dev": 0.3141592653589793
        },
        {
            "dipoles": [
                {
                    "contrast": 0.5561839115311208,
                    "mask_size": 3.8849778730318096,
                    "offset": [
                        0.0,
                        0.0
                    ],
                    "rot": 5.202756169304459
                }
            ],
            "gradient": [
                0.16027654465171762,
                0.7744235449362997
            ],
            "image_file": "semgen-0004.tif",
            "n": 1,
            "rot": 5.243308663711946,
            "rot_dev": 0.3141592653589793
        },
        {
            "dipoles": [
                {
                    "contrast": 0.40309631930805695,
                    "mask_size": 3.6737631604113843,
                    "offset": [
                        0.0,
                        0.0
                    ],
                    "rot": 3.9959579761000033
                }
            ],
            "gradient": [
                0.20663469618444946,
                0.8117833070977263
            ],
            "image_file": "semgen-0005.tif",
            "n": 1,
            "rot": 3.855544097060253,
            "rot_dev": 0.3141592653589793
        },
        {
            "dipoles": [
                {
                    "contrast": 0.6425818004452222,
                    "mask_size": 3.85103550403943,
                    "offset": [
                        0.0,
                        0.0
                    ],
                    "rot": 0.44037489458286166
                }
            ],
            "gradient": [
                0.23941206154482375,
                0.8476600292128775
            ],
            "image_file": "semgen-0006.tif",
            "n": 1,
            "rot": 0.6995475131991807,
            "rot_dev": 0.3141592653589793
        },
        {
            "dipoles": [
                {
                    "contrast": 0.523056858856858,
                    "mask_size": 2.6759895810289063,
                    "offset": [
                        0.0,
                        0.0
                    ],
                    "rot": 4.404544464966653
                }
            ],
            "gradient": [
                0.1721072594221039,
                0.8017468081966744
            ],
            "image_file": "semgen-0007.tif",
            "n": 1,
            "rot": 4.67773079129373,
            "rot_dev": 0.3141592653589793
        },
        {
            "dipoles": [
                {
                    "contrast": 0.6296297735793996,
                    "mask_size": 2.713563522858299,
                    "offset": [
                        0.0,
                        0.0
                    ],
                    "rot": 3.4908324923161405
                }
            ],
            "gradient": [
                0.19418124629471153,
                0.8083812382743458
            ],
            "image_file": "semgen-0008.tif",
            "n": 1,
            "rot": 3.2925732689122658,
            "rot_dev": 0.3141592653589793
        },
        {
            "dipoles": [
                {
                    "contrast": 0.4604998715112141,
                    "mask_size": 2.104759718252905,
                    "offset": [
                        0.0,
                        0.0
                    ],
                    "rot": 4.069883667769431
                }
            ],
            "gradient": [
                0.16950954446202332,
                0.7753775274535077
            ],
            "image_file": "semgen-0009.tif",
            "n": 1,
            "rot": 3.977348736468266,
            "rot_dev": 0.3141592653589793
        }
    ]
}